{
  "minecraft:recipes/decorations/crafting_table": {
    "criteria": {
      "unlock_right_away": "2026-01-08 03:43:24 -0500"
    },
    "done": true
  },
  "minecraft:adventure/adventuring_time": {
    "criteria": {
      "minecraft:plains": "2026-01-08 03:43:25 -0500"
    },
    "done": false
  },
  "create:root": {
    "criteria": {
      "0": "2026-01-08 03:43:49 -0500"
    },
    "done": true
  },
  "create:recipes/combat/crafting/appliances/netherite_backtank": {
    "criteria": {
      "has_item": "2026-01-08 03:44:17 -0500"
    },
    "done": true
  },
  "minecraft:recipes/food/baked_potato_from_campfire_cooking": {
    "criteria": {
      "has_potato": "2026-01-08 03:44:55 -0500"
    },
    "done": true
  },
  "minecraft:recipes/food/baked_potato": {
    "criteria": {
      "has_potato": "2026-01-08 03:44:55 -0500"
    },
    "done": true
  },
  "minecraft:recipes/food/baked_potato_from_smoking": {
    "criteria": {
      "has_potato": "2026-01-08 03:44:55 -0500"
    },
    "done": true
  },
  "minecraft:adventure/root": {
    "criteria": {
      "killed_something": "2026-01-08 03:45:09 -0500"
    },
    "done": true
  },
  "create:recipes/building_blocks/crafting/logistics/lime_table_cloth": {
    "criteria": {
      "has_wool": "2026-01-08 03:45:12 -0500"
    },
    "done": true
  },
  "create:recipes/building_blocks/crafting/logistics/yellow_table_cloth": {
    "criteria": {
      "has_wool": "2026-01-08 03:45:12 -0500"
    },
    "done": true
  },
  "create:recipes/building_blocks/crafting/logistics/green_table_cloth": {
    "criteria": {
      "has_wool": "2026-01-08 03:45:12 -0500"
    },
    "done": true
  },
  "create:recipes/building_blocks/crafting/kinetics/brown_seat": {
    "criteria": {
      "has_wool": "2026-01-08 03:45:12 -0500"
    },
    "done": true
  },
  "create:recipes/building_blocks/crafting/logistics/magenta_table_cloth": {
    "criteria": {
      "has_wool": "2026-01-08 03:45:12 -0500"
    },
    "done": true
  },
  "create:recipes/building_blocks/crafting/kinetics/gray_seat": {
    "criteria": {
      "has_wool": "2026-01-08 03:45:12 -0500"
    },
    "done": true
  },
  "create:recipes/building_blocks/crafting/logistics/orange_table_cloth": {
    "criteria": {
      "has_wool": "2026-01-08 03:45:12 -0500"
    },
    "done": true
  },
  "minecraft:recipes/decorations/painting": {
    "criteria": {
      "has_wool": "2026-01-08 03:45:12 -0500"
    },
    "done": true
  },
  "create:recipes/building_blocks/crafting/kinetics/red_seat": {
    "criteria": {
      "has_wool": "2026-01-08 03:45:12 -0500"
    },
    "done": true
  },
  "create:recipes/building_blocks/crafting/kinetics/light_gray_seat": {
    "criteria": {
      "has_wool": "2026-01-08 03:45:12 -0500"
    },
    "done": true
  },
  "create:recipes/building_blocks/crafting/kinetics/blue_seat": {
    "criteria": {
      "has_wool": "2026-01-08 03:45:12 -0500"
    },
    "done": true
  },
  "create:recipes/building_blocks/crafting/kinetics/orange_seat": {
    "criteria": {
      "has_wool": "2026-01-08 03:45:12 -0500"
    },
    "done": true
  },
  "create:recipes/building_blocks/crafting/kinetics/magenta_seat": {
    "criteria": {
      "has_wool": "2026-01-08 03:45:12 -0500"
    },
    "done": true
  },
  "create:recipes/building_blocks/crafting/logistics/blue_table_cloth": {
    "criteria": {
      "has_wool": "2026-01-08 03:45:12 -0500"
    },
    "done": true
  },
  "create:recipes/building_blocks/crafting/kinetics/light_blue_seat": {
    "criteria": {
      "has_wool": "2026-01-08 03:45:12 -0500"
    },
    "done": true
  },
  "create:recipes/building_blocks/crafting/logistics/light_gray_table_cloth": {
    "criteria": {
      "has_wool": "2026-01-08 03:45:12 -0500"
    },
    "done": true
  },
  "create:recipes/building_blocks/crafting/kinetics/cyan_seat": {
    "criteria": {
      "has_wool": "2026-01-08 03:45:12 -0500"
    },
    "done": true
  },
  "create:recipes/building_blocks/crafting/logistics/cyan_table_cloth": {
    "criteria": {
      "has_wool": "2026-01-08 03:45:12 -0500"
    },
    "done": true
  },
  "minecraft:recipes/decorations/white_carpet": {
    "criteria": {
      "has_white_wool": "2026-01-08 03:45:12 -0500"
    },
    "done": true
  },
  "create:recipes/building_blocks/crafting/logistics/red_table_cloth": {
    "criteria": {
      "has_wool": "2026-01-08 03:45:12 -0500"
    },
    "done": true
  },
  "create:recipes/building_blocks/crafting/logistics/light_blue_table_cloth": {
    "criteria": {
      "has_wool": "2026-01-08 03:45:12 -0500"
    },
    "done": true
  },
  "create:recipes/building_blocks/crafting/logistics/white_table_cloth": {
    "criteria": {
      "has_wool": "2026-01-08 03:45:12 -0500"
    },
    "done": true
  },
  "create:recipes/building_blocks/crafting/logistics/gray_table_cloth": {
    "criteria": {
      "has_wool": "2026-01-08 03:45:12 -0500"
    },
    "done": true
  },
  "create:recipes/building_blocks/crafting/kinetics/pink_seat": {
    "criteria": {
      "has_wool": "2026-01-08 03:45:12 -0500"
    },
    "done": true
  },
  "create:recipes/building_blocks/crafting/kinetics/black_seat": {
    "criteria": {
      "has_wool": "2026-01-08 03:45:12 -0500"
    },
    "done": true
  },
  "create:recipes/building_blocks/crafting/logistics/black_table_cloth": {
    "criteria": {
      "has_wool": "2026-01-08 03:45:12 -0500"
    },
    "done": true
  },
  "minecraft:recipes/decorations/white_banner": {
    "criteria": {
      "has_white_wool": "2026-01-08 03:45:12 -0500"
    },
    "done": true
  },
  "create:recipes/building_blocks/crafting/logistics/pink_table_cloth": {
    "criteria": {
      "has_wool": "2026-01-08 03:45:12 -0500"
    },
    "done": true
  },
  "create:recipes/building_blocks/crafting/kinetics/white_seat": {
    "criteria": {
      "has_wool": "2026-01-08 03:45:12 -0500"
    },
    "done": true
  },
  "create:recipes/building_blocks/crafting/logistics/brown_table_cloth": {
    "criteria": {
      "has_wool": "2026-01-08 03:45:12 -0500"
    },
    "done": true
  },
  "create:recipes/building_blocks/crafting/kinetics/green_seat": {
    "criteria": {
      "has_wool": "2026-01-08 03:45:12 -0500"
    },
    "done": true
  },
  "create:recipes/building_blocks/crafting/kinetics/lime_seat": {
    "criteria": {
      "has_wool": "2026-01-08 03:45:12 -0500"
    },
    "done": true
  },
  "create:recipes/building_blocks/crafting/kinetics/purple_seat": {
    "criteria": {
      "has_wool": "2026-01-08 03:45:12 -0500"
    },
    "done": true
  },
  "minecraft:recipes/decorations/white_bed": {
    "criteria": {
      "has_white_wool": "2026-01-08 03:45:12 -0500"
    },
    "done": true
  },
  "create:recipes/building_blocks/crafting/kinetics/yellow_seat": {
    "criteria": {
      "has_wool": "2026-01-08 03:45:12 -0500"
    },
    "done": true
  },
  "create:recipes/building_blocks/crafting/logistics/purple_table_cloth": {
    "criteria": {
      "has_wool": "2026-01-08 03:45:12 -0500"
    },
    "done": true
  },
  "minecraft:recipes/building_blocks/mossy_cobblestone_stairs_from_mossy_cobblestone_stonecutting": {
    "criteria": {
      "has_mossy_cobblestone": "2026-01-08 03:50:28 -0500"
    },
    "done": true
  },
  "minecraft:recipes/building_blocks/mossy_cobblestone_slab": {
    "criteria": {
      "has_mossy_cobblestone": "2026-01-08 03:50:28 -0500"
    },
    "done": true
  },
  "minecraft:recipes/building_blocks/mossy_cobblestone_stairs": {
    "criteria": {
      "has_mossy_cobblestone": "2026-01-08 03:50:28 -0500"
    },
    "done": true
  },
  "minecraft:recipes/decorations/mossy_cobblestone_wall": {
    "criteria": {
      "has_mossy_cobblestone": "2026-01-08 03:50:28 -0500"
    },
    "done": true
  },
  "minecraft:recipes/building_blocks/mossy_cobblestone_slab_from_mossy_cobblestone_stonecutting": {
    "criteria": {
      "has_mossy_cobblestone": "2026-01-08 03:50:28 -0500"
    },
    "done": true
  },
  "minecraft:recipes/decorations/mossy_cobblestone_wall_from_mossy_cobblestone_stonecutting": {
    "criteria": {
      "has_mossy_cobblestone": "2026-01-08 03:50:28 -0500"
    },
    "done": true
  },
  "DataVersion": 3955
}